{"files":{"feedback.html":{"frameworks":["app","pg.svg.lib","pg.insight.events","pg.css.grid","pg.image.overlay","pg.code-validator","pg.project.items","pg.asset.manager","pg.html","pg.components"]},"index.html":{"frameworks":["app","pg.svg.lib","pg.insight.events","pg.css.grid","pg.image.overlay","pg.php","pg.code-validator","pg.project.items","pg.asset.manager","pg.html","pg.components"]},"login.php":{"frameworks":["app","pg.svg.lib","pg.insight.events","pg.css.grid","pg.image.overlay","pg.php","pg.code-validator","pg.project.items","pg.asset.manager","pg.html","pg.components"]},"home.php":{"frameworks":["app","pg.svg.lib","pg.insight.events","pg.css.grid","pg.image.overlay","pg.php","pg.code-validator","pg.project.items","pg.asset.manager","pg.html","pg.components"]},"include.html":{"frameworks":["app","pg.svg.lib","pg.insight.events","pg.css.grid","pg.image.overlay","pg.code-validator","pg.project.items","pg.asset.manager","pg.html","pg.components"]},"products.html":{"frameworks":["app","pg.svg.lib","pg.insight.events","pg.css.grid","pg.image.overlay","pg.code-validator","pg.project.items","pg.asset.manager","pg.html","pg.components"]},"search.html":{"frameworks":["app","pg.svg.lib","pg.insight.events","pg.css.grid","pg.image.overlay","pg.code-validator","pg.project.items","pg.asset.manager","pg.html","pg.components"]},"upload.html":{"frameworks":["app","pg.svg.lib","pg.insight.events","pg.css.grid","pg.image.overlay","pg.code-validator","pg.project.items","pg.asset.manager","pg.html","pg.components"]}},"open-pages":["feedback.html","login.php","home.php","include.html","products.html","search.html","upload.html"],"urls":{"index.html":{"open-with-wrapper":false,"open-page-views":[{"w":1120,"h":0}]},"css/theme.css":{"locked":true,"locked_reason":"The stylesheet is generated by the Design panel."},"feedback.html":{"open-with-wrapper":false,"open-page-views":[{"w":1326,"h":800}]},"info.php":{"open-with-wrapper":false},"comment.php":{"open-with-wrapper":false},"login.php":{"open-with-wrapper":false,"open-page-views":[{"w":1144,"h":0}]},"home.php":{"open-with-wrapper":false,"open-page-views":[{"w":1310,"h":0}]},"include.html":{"open-with-wrapper":false,"open-page-views":[{"w":1158,"h":0}]},"products.html":{"open-with-wrapper":false,"open-page-views":[{"w":1024,"h":0}]},"products.php":{"open-with-wrapper":false},"search.html":{"open-with-wrapper":false,"open-page-views":[{"w":1024,"h":0}]},"upload.html":{"open-with-wrapper":false,"open-page-views":[{"w":1279,"h":0}]}},"active-design-provider":"plainhtml","breakpoints":[],"frameworks":["app","pg.svg.lib","pg.insight.events","pg.css.grid","pg.image.overlay","pg.code-validator","pg.project.items","pg.asset.manager","pg.html","pg.components"]}